{
  "hash": "cf440bf0",
  "configHash": "83a6e40e",
  "lockfileHash": "d992f2d6",
  "browserHash": "fcb8b7fe",
  "optimized": {
    "@angular/common": {
      "src": "../../../../../node_modules/@angular/common/fesm2022/common.mjs",
      "file": "@angular_common.js",
      "fileHash": "04b91948",
      "needsInterop": false
    },
    "@angular/common/http": {
      "src": "../../../../../node_modules/@angular/common/fesm2022/http.mjs",
      "file": "@angular_common_http.js",
      "fileHash": "95d903b6",
      "needsInterop": false
    },
    "@angular/core": {
      "src": "../../../../../node_modules/@angular/core/fesm2022/core.mjs",
      "file": "@angular_core.js",
      "fileHash": "35b77a95",
      "needsInterop": false
    },
    "@angular/forms": {
      "src": "../../../../../node_modules/@angular/forms/fesm2022/forms.mjs",
      "file": "@angular_forms.js",
      "fileHash": "41bda4b7",
      "needsInterop": false
    },
    "@angular/platform-browser": {
      "src": "../../../../../node_modules/@angular/platform-browser/fesm2022/platform-browser.mjs",
      "file": "@angular_platform-browser.js",
      "fileHash": "6f7294b2",
      "needsInterop": false
    },
    "@angular/router": {
      "src": "../../../../../node_modules/@angular/router/fesm2022/router.mjs",
      "file": "@angular_router.js",
      "fileHash": "671a162e",
      "needsInterop": false
    }
  },
  "chunks": {
    "chunk-PVQXNN5I": {
      "file": "chunk-PVQXNN5I.js"
    },
    "chunk-JBYET25V": {
      "file": "chunk-JBYET25V.js"
    },
    "chunk-C2MIALNU": {
      "file": "chunk-C2MIALNU.js"
    },
    "chunk-ZQGDSIWM": {
      "file": "chunk-ZQGDSIWM.js"
    }
  }
}